Country Name,Country Code,ID,Year,GDP,Pop,Host,Soviet,Investment in Non-Financial Assets,Political_Stability,Round
Australia,AUS,1,1974,88963890936,13723000,0,0,246000000,,0
Australia,AUS,1,1975,97304383449,13893000,0,0,500000000,,0
Australia,AUS,1,1976,105066179251,14033000,0,0,625000000,,0
Australia,AUS,1,1977,110350997935,14192000,0,0,553000000,,0
Australia,AUS,1,1978,118495375592,14358000,0,0,425000000,,0
Australia,AUS,1,1979,134898330115,14514000,0,0,323000000,,0
Australia,AUS,1,1980,149984401114,14692000,0,0,371000000,,0
Australia,AUS,1,1981,176891907582,14923260,0,0,237000000,,0
Australia,AUS,1,1982,194037294494,15184247,0,0,460000000,,0
Australia,AUS,1,1983,177267197005,15393472,0,0,680000000,,0
Australia,AUS,1,1984,193519289984,15579391,0,0,668000000,,0
Australia,AUS,1,1985,180633581345,15788312,0,0,2747000000,,0
Australia,AUS,1,1986,182472020145,16018350,0,0,3204000000,,0
Australia,AUS,1,1987,189487824246,16263874,0,0,3586000000,,0
Australia,AUS,1,1988,236153958091,16532164,0,0,2901000000,,0
Australia,AUS,1,1989,299877860109,16814416,0,0,3194000000,,0
Australia,AUS,1,1990,311433628319,17065128,0,0,3886000000,,0
Australia,AUS,1,1991,325986971195,17284036,0,0,3933000000,,0
Australia,AUS,1,1992,325531800354,17478635,0,0,4239000000,,0
Australia,AUS,1,1993,312138139404,17634808,0,0,3827000000,,0
Australia,AUS,1,1994,322809408509,17805468,0,0,3578000000,,0
Australia,AUS,1,1995,368140778141,18004882,0,0,4341000000,,0
Australia,AUS,1,1996,401311077390,18224767,0,0,4332000000,1.39647,0
Australia,AUS,1,1997,435614337142,18423037,0,0,4305000000,,0
Australia,AUS,1,1998,399660855999,18607584,0,0,4637000000,1.06588,0
Australia,AUS,1,1999,389389647826,18812264,0,0,2258000000,,0
Australia,AUS,1,2000,415851284306,19028802,1,0,1199000000,1.33455,1
Australia,AUS,1,2001,379358162499,19274701,0,0,1275000,,1
Australia,AUS,1,2002,395580786940,19495210,0,0,2436000,1.19291,1
Australia,AUS,1,2003,467497961561,19720737,0,0,2495000,0.878802,1
Australia,AUS,1,2004,614326362214,19932722,0,0,3474000,0.936503,1
Australia,AUS,1,2005,695328522027,20176844,0,0,6677000,0.893511,1
Australia,AUS,1,2006,747906558850,20450966,0,0,8221000,0.935188,1
Australia,AUS,1,2007,854427259166,20827622,0,0,8705000,0.92879,1
Australia,AUS,1,2008,1055642793196,21249199,0,0,9766000,0.955645,1
Australia,AUS,1,2009,928626859078,21691653,0,0,12086000,0.855689,1
Australia,AUS,1,2010,1148610059015,22031750,0,0,14668000,0.88886,1
Australia,AUS,1,2011,1398405797101,22340024,0,0,13886000,0.93571,1
Australia,AUS,1,2012,1546892142710,22733465,0,0,13837000,0.997997,1
Australia,AUS,1,2013,1576380424746,23128129,0,0,8984000,1.03107,1
Australia,AUS,1,2014,1467545212522,23475686,0,0,13292000,1.03219,1
Australia,AUS,1,2015,1350615691821,23815995,0,0,14634000,0.88498,1
Australia,AUS,1,2016,1206535157956,24190907,0,0,13973000,1.04796,1
Australia,AUS,1,2017,1326516328532,24594202,0,0,,0.890089,1
Australia,AUS,1,2018,1428288504767,24966643,0,0,,0.976574,1
Australia,AUS,1,2019,1392227864397,25340217,0,0,,,1
Australia,AUS,1,2020,1326901059123,25655289,0,0,,,1
Australia,AUS,1,2021,1552667363236,25688079,0,0,,,1
Brazil,BRA,2,1974,109794519728,106167372,0,0,,,0
Brazil,BRA,2,1975,129203555239,108700515,0,0,,,0
Brazil,BRA,2,1976,153168949208,111286504,0,0,,,0
Brazil,BRA,2,1977,176344101402,113939886,0,0,,,0
Brazil,BRA,2,1978,200278646124,116664382,0,0,,,0
Brazil,BRA,2,1979,221338204480,119447303,0,0,,,0
Brazil,BRA,2,1980,237393489893,122288383,0,0,0.07272727273,,0
Brazil,BRA,2,1981,258015174749,125168060,0,0,0.1090909091,,0
Brazil,BRA,2,1982,271314113768,128065095,0,0,0.2545454545,,0
Brazil,BRA,2,1983,189656506321,130977370,0,0,,,0
Brazil,BRA,2,1984,188339974087,133888775,0,0,1.054545455,,0
Brazil,BRA,2,1985,176123719327,136783180,0,0,3.2,,0
Brazil,BRA,2,1986,215878631803,139643355,0,0,25.01818182,,0
Brazil,BRA,2,1987,237517984428,142466264,0,0,,,0
Brazil,BRA,2,1988,258816125588,145253973,0,0,,,0
Brazil,BRA,2,1989,347028139590,148003411,0,0,-6336.690909,,0
Brazil,BRA,2,1990,390725626003,150706446,0,0,-921345.4545,,0
Brazil,BRA,2,1991,342609231343,153336445,0,0,-2487345.455,,0
Brazil,BRA,2,1992,328187960872,155900790,0,0,-21357090.91,,0
Brazil,BRA,2,1993,368295778245,158440875,0,0,-602690909.1,,0
Brazil,BRA,2,1994,525369851354,160980472,0,0,-11282300000,,0
Brazil,BRA,2,1995,769333330412,163515328,0,0,,,0
Brazil,BRA,2,1996,850426432992,166037122,0,0,,-0.218181,0
Brazil,BRA,2,1997,883206452806,168546707,0,0,-2869800000,,0
Brazil,BRA,2,1998,863711007314,171039804,0,0,-20910452.79,-0.336899,0
Brazil,BRA,2,1999,599642075030,173486281,0,0,-202372610.1,,0
Brazil,BRA,2,2000,655448188237,175873720,0,0,-111812175.2,0.18674,0
Brazil,BRA,2,2001,559991261406,178211881,0,0,-181278870.5,,0
Brazil,BRA,2,2002,509788814957,180476685,0,0,-133305060.8,0.329845,0
Brazil,BRA,2,2003,558229210853,182629278,0,0,5197706606,0.0059727,0
Brazil,BRA,2,2004,669293772179,184722043,0,0,9837984042,-0.275707,0
Brazil,BRA,2,2005,891630177210,186797334,0,0,13263949139,-0.264488,0
Brazil,BRA,2,2006,1107640289661,188820682,0,0,16800700000,-0.294623,0
Brazil,BRA,2,2007,1397084349956,190779453,0,0,21562500000,-0.356955,0
Brazil,BRA,2,2008,1695824565929,192672317,0,0,27909600000,-0.3126,0
Brazil,BRA,2,2009,1667019783635,194517549,0,0,33880300000,0.166292,0
Brazil,BRA,2,2010,2208871646203,196353492,0,0,29750702512,0.0134759,0
Brazil,BRA,2,2011,2616201578192,198185302,0,0,21628889225,-0.132575,0
Brazil,BRA,2,2012,2465188674415,199977707,0,0,22438397260,0.0459616,0
Brazil,BRA,2,2013,2472806919902,201721767,0,0,29191103635,-0.258553,0
Brazil,BRA,2,2014,2455993625159,203459650,0,0,32533938953,-0.0702901,0
Brazil,BRA,2,2015,1802214373741,205188205,0,0,22017436224,-0.331458,0
Brazil,BRA,2,2016,1795700168991,206859578,1,0,20118116907,-0.377205,1
Brazil,BRA,2,2017,2063507864887,208504960,0,0,,-0.419837,1
Brazil,BRA,2,2018,1916947014068,210166592,0,0,,-0.357018,1
Brazil,BRA,2,2019,1873274432754,211782878,0,0,,,1
Brazil,BRA,2,2020,1448559976218,213196304,0,0,,,1
Brazil,BRA,2,2021,1608981456325,214326223,0,0,,,1
Canada,CAN,3,1974,160408697342,22807969,0,0,,,0
Canada,CAN,3,1975,173834029689,23143275,0,0,,,0
Canada,CAN,3,1976,206575564909,23449808,1,0,,,1
Canada,CAN,3,1977,211612157029,23725843,0,0,,,1
Canada,CAN,3,1978,218632867537,23963203,0,0,,,1
Canada,CAN,3,1979,243072102612,24201544,0,0,,,1
Canada,CAN,3,1980,273853826548,24515667,0,0,,,1
Canada,CAN,3,1981,306214863625,24819915,0,0,,,1
Canada,CAN,3,1982,313506525087,25116942,0,0,,,1
Canada,CAN,3,1983,340547711782,25366451,0,0,,,1
Canada,CAN,3,1984,355372558104,25607053,0,0,,,1
Canada,CAN,3,1985,364756499451,25842116,0,0,,,1
Canada,CAN,3,1986,377437927312,26100278,0,0,,,1
Canada,CAN,3,1987,431316742081,26446601,0,0,,,1
Canada,CAN,3,1988,507354351182,26791747,0,0,,,1
Canada,CAN,3,1989,565055743243,27276781,0,0,,,1
Canada,CAN,3,1990,593929550908,27691138,0,0,6017000000,,1
Canada,CAN,3,1991,610328183643,28037420,0,0,6058000000,,1
Canada,CAN,3,1992,592387689253,28371264,0,0,6492000000,,1
Canada,CAN,3,1993,577170761956,28684764,0,0,6722000000,,1
Canada,CAN,3,1994,578139279438,29000663,0,0,6564000000,,1
Canada,CAN,3,1995,604031623433,29302311,0,0,6089000000,,1
Canada,CAN,3,1996,628546387972,29610218,0,0,4395000000,1.2337,1
Canada,CAN,3,1997,654986999856,29905948,0,0,5255000000,,1
Canada,CAN,3,1998,634000000000,30155173,0,0,5051000000,0.950458,1
Canada,CAN,3,1999,678412196271,30401286,0,0,5532000000,,1
Canada,CAN,3,2000,744773415932,30685730,0,0,5905000000,1.16847,1
Canada,CAN,3,2001,738981792355,31020902,0,0,5108000000,,1
Canada,CAN,3,2002,760649334098,31360079,0,0,5985000000,1.22157,1
Canada,CAN,3,2003,895540646635,31644028,0,0,5974000000,1.05409,1
Canada,CAN,3,2004,1026690238278,31940655,0,0,6350000000,0.876835,1
Canada,CAN,3,2005,1173108598779,32243753,0,0,6888000000,0.829618,1
Canada,CAN,3,2006,1319264809591,32571174,0,0,7080000000,1.03553,1
Canada,CAN,3,2007,1468820407783,32889025,0,0,7217000000,1.00687,1
Canada,CAN,3,2008,1552989690722,33247118,0,0,4600000000,1.04185,1
Canada,CAN,3,2009,1374625142157,33628895,0,0,9018000000,1.12674,1
Canada,CAN,3,2010,1617343367486,34004889,0,0,9553000000,0.936318,1
Canada,CAN,3,2011,1793326630175,34339328,0,0,9208000000,1.07718,1
Canada,CAN,3,2012,1828366481522,34714222,0,0,9931000000,1.11302,1
Canada,CAN,3,2013,1846597421835,35082954,0,0,8898000000,1.06142,1
Canada,CAN,3,2014,1805749878440,35437435,0,0,2433000000,1.1755,1
Canada,CAN,3,2015,1556508816217,35702908,0,0,6613000000,1.2747,1
Canada,CAN,3,2016,1527994741907,36109487,0,0,9959000000,1.25606,1
Canada,CAN,3,2017,1649265644244,36545236,0,0,10179000000,1.10182,1
Canada,CAN,3,2018,1725329192783,37065084,0,0,,0.991189,1
Canada,CAN,3,2019,1742015045482,37601230,0,0,,,1
Canada,CAN,3,2020,1645423407568,38037204,0,0,,,1
Canada,CAN,3,2021,1988336331717,38246108,0,0,,,1
China,CHN,4,1974,144182133388,900350000,0,0,,,0
China,CHN,4,1975,163431551780,916395000,0,0,,,0
China,CHN,4,1976,153940455342,930685000,0,0,,,0
China,CHN,4,1977,174938098827,943455000,0,0,,,0
China,CHN,4,1978,149540752829,956165000,0,0,,,0
China,CHN,4,1979,178280594413,969005000,0,0,,,0
China,CHN,4,1980,191149211575,981235000,0,0,,,0
China,CHN,4,1981,195866382433,993885000,0,0,,,0
China,CHN,4,1982,205089699859,1008630000,0,0,,,0
China,CHN,4,1983,230686747153,1023310000,0,0,,,0
China,CHN,4,1984,259946510957,1036825000,0,0,,,0
China,CHN,4,1985,309488028133,1051040000,0,0,,,0
China,CHN,4,1986,300758100107,1066790000,0,0,,,0
China,CHN,4,1987,272972974765,1084035000,0,0,,,0
China,CHN,4,1988,312353631208,1101630000,0,0,,,0
China,CHN,4,1989,347768051312,1118650000,0,0,,,0
China,CHN,4,1990,360857912566,1135185000,0,0,,,0
China,CHN,4,1991,383373318084,1150780000,0,0,,,0
China,CHN,4,1992,426915712711,1164970000,0,0,,,0
China,CHN,4,1993,444731282437,1178440000,0,0,,,0
China,CHN,4,1994,564324670006,1191835000,0,0,,,0
China,CHN,4,1995,734547898221,1204855000,0,0,,,0
China,CHN,4,1996,863746717504,1217550000,0,0,,-0.0959571,0
China,CHN,4,1997,961603952952,1230075000,0,0,,,0
China,CHN,4,1998,1029043097554,1241935000,0,0,,-0.391394,0
China,CHN,4,1999,1093997267271,1252735000,0,0,,,0
China,CHN,4,2000,1211346869605,1262645000,0,0,,-0.208934,0
China,CHN,4,2001,1339395718865,1271850000,0,0,,,0
China,CHN,4,2002,1470550015082,1280400000,0,0,,-0.327095,0
China,CHN,4,2003,1660287965663,1288400000,0,0,,-0.563666,0
China,CHN,4,2004,1955347004963,1296075000,0,0,,-0.390192,0
China,CHN,4,2005,2285965892361,1303720000,0,0,,-0.501789,0
China,CHN,4,2006,2752131773355,1311020000,0,0,,-0.539764,0
China,CHN,4,2007,3550342737011,1317885000,0,0,,-0.498821,0
China,CHN,4,2008,4594307032661,1324655000,1,0,,-0.491275,1
China,CHN,4,2009,5101703073086,1331260000,0,0,,-0.449346,1
China,CHN,4,2010,6087163874512,1337705000,0,0,,-0.657061,1
China,CHN,4,2011,7551500124203,1345035000,0,0,,-0.602055,1
China,CHN,4,2012,8532229986994,1354190000,0,0,,-0.538782,1
China,CHN,4,2013,9570406235660,1363240000,0,0,36500000000,-0.54379,1
China,CHN,4,2014,10475682920595,1371860000,0,0,33500000000,-0.522584,1
China,CHN,4,2015,11061553079876,1379860000,0,0,24215000000,-0.550295,1
China,CHN,4,2016,11233276536737,1387790000,0,0,,-0.499395,1
China,CHN,4,2017,12310409370893,1396215000,0,0,,-0.231013,1
China,CHN,4,2018,13894817549374,1402760000,0,0,,-0.261062,1
China,CHN,4,2019,14279937500607,1407745000,0,0,,,1
China,CHN,4,2020,14687673892882,1411100000,0,0,,,1
China,CHN,4,2021,17734062645371,1412360000,0,0,,,1
Germany,DEU,5,1974,445303484242,78967433,0,0,3962512079,,0
Germany,DEU,5,1975,490636517211,78673554,0,0,4356206828,,0
Germany,DEU,5,1976,519754453161,78336950,0,0,3757995327,,0
Germany,DEU,5,1977,600498238019,78159814,0,0,4044318780,,0
Germany,DEU,5,1978,740469983447,78091820,0,0,4177254669,,0
Germany,DEU,5,1979,881345176609,78126350,0,0,4340868071,,0
Germany,DEU,5,1980,950290856467,78288576,0,0,4555610661,,0
Germany,DEU,5,1981,800472055387,78407907,0,0,4105673806,,0
Germany,DEU,5,1982,776576439107,78333366,0,0,4095447968,,0
Germany,DEU,5,1983,770684323248,78128282,0,0,4253948452,,0
Germany,DEU,5,1984,725111123634,77858685,0,0,4207932182,,0
Germany,DEU,5,1985,732534887058,77684873,0,0,4432900610,,0
Germany,DEU,5,1986,1046259374944,77720436,0,0,4376658503,,0
Germany,DEU,5,1987,1298176105550,77839920,0,0,4397110178,,0
Germany,DEU,5,1988,1401233225303,78144619,0,0,4310190558,,0
Germany,DEU,5,1989,1398967436804,78751283,0,0,4443126448,,0
Germany,DEU,5,1990,1771671206876,79433029,0,0,4795917846,,0
Germany,DEU,5,1991,1868945197407,80013896,0,0,13195000000,,0
Germany,DEU,5,1992,2131571696932,80624598,0,0,14043000000,,0
Germany,DEU,5,1993,2071323790370,81156363,0,0,13512000000,,0
Germany,DEU,5,1994,2205074123177,81438348,0,0,12183000000,,0
Germany,DEU,5,1995,2585792275147,81678051,0,0,12108127255,,0
Germany,DEU,5,1996,2497244606187,81914831,0,0,11702251360,1.28875,0
Germany,DEU,5,1997,2211989623280,82034771,0,0,10215185235,,0
Germany,DEU,5,1998,2238990774703,82047195,0,0,11783516677,1.24174,0
Germany,DEU,5,1999,2194945278873,82100243,0,0,13072010866,,0
Germany,DEU,5,2000,1947981991012,82211508,0,0,-38207458288,1.41295,0
Germany,DEU,5,2001,1945790973803,82349925,0,0,12874180383,,0
Germany,DEU,5,2002,2078484517475,82488495,0,0,12445656180,1.09954,0
Germany,DEU,5,2003,2501640388482,82534176,0,0,13844938950,0.578257,0
Germany,DEU,5,2004,2814353869359,82516260,0,0,12665830698,0.639837,0
Germany,DEU,5,2005,2846864211175,82469422,0,0,14540837342,0.890194,0
Germany,DEU,5,2006,2994703642024,82376451,0,0,15442948742,1.02652,0
Germany,DEU,5,2007,3425578382922,82266372,0,0,13445249551,0.996008,0
Germany,DEU,5,2008,3745264093617,82110097,0,0,15053739304,0.945835,0
Germany,DEU,5,2009,3411261212652,81902307,0,0,18204614814,0.860531,0
Germany,DEU,5,2010,3399667820000,81776930,0,0,13843538540,0.796835,0
Germany,DEU,5,2011,3749314991051,80274983,0,0,19291685326,0.842218,0
Germany,DEU,5,2012,3527143188785,80425823,0,0,20380362261,0.775621,0
Germany,DEU,5,2013,3733804649549,80645605,0,0,18699902783,0.927984,0
Germany,DEU,5,2014,3889093051024,80982500,0,0,17566698797,0.925187,0
Germany,DEU,5,2015,3357585719352,81686611,0,0,19268940694,0.699824,0
Germany,DEU,5,2016,3469853463946,82348669,0,0,20594050556,0.681363,0
Germany,DEU,5,2017,3690849152518,82657002,0,0,,0.587577,0
Germany,DEU,5,2018,3974443355020,82905782,0,0,,0.604895,0
Germany,DEU,5,2019,3888226035922,83092962,0,0,,,0
Germany,DEU,5,2020,3889668895300,83160871,0,0,,,0
Germany,DEU,5,2021,4259934911822,83196078,0,0,,,0
Greece,GRC,6,1974,25351306818,8962022,0,0,84695524.58,,0
Greece,GRC,6,1975,28525876727,9046541,0,0,120939104.9,,0
Greece,GRC,6,1976,31152835821,9188150,0,0,152604548.8,,0
Greece,GRC,6,1977,36176234968,9308479,0,0,176111518.7,,0
Greece,GRC,6,1978,44270204082,9429959,0,0,201672780.6,,0
Greece,GRC,6,1979,54481876725,9548258,0,0,229258987.5,,0
Greece,GRC,6,1980,56829664269,9642505,0,0,256228906.8,,0
Greece,GRC,6,1981,52346506765,9729350,0,0,348584005.9,,0
Greece,GRC,6,1982,54617989796,9789513,0,0,343859134.3,,0
Greece,GRC,6,1983,49428873839,9846627,0,0,467820983.1,,0
Greece,GRC,6,1984,48020024184,9895801,0,0,608481291.3,,0
Greece,GRC,6,1985,47820851221,9934300,0,0,685341159.2,,0
Greece,GRC,6,1986,56379593476,9967213,0,0,666471019.8,,0
Greece,GRC,6,1987,65652750377,10000595,0,0,717388114.5,,0
Greece,GRC,6,1988,76261277925,10036983,0,0,814585473.2,,0
Greece,GRC,6,1989,79169043223,10089498,0,0,1144123258,,0
Greece,GRC,6,1990,97891092003,10196792,0,0,1143712399,,0
Greece,GRC,6,1991,105143232380,10319927,0,0,,,0
Greece,GRC,6,1992,116224672864,10399061,0,0,,,0
Greece,GRC,6,1993,108809059156,10460415,0,0,,,0
Greece,GRC,6,1994,116601801966,10512922,0,0,,,0
Greece,GRC,6,1995,136878365936,10562153,0,0,3091000000,,0
Greece,GRC,6,1996,145861612401,10608800,0,0,3463000000,0.553973,0
Greece,GRC,6,1997,143157600150,10661259,0,0,4062000000,,0
Greece,GRC,6,1998,144428172489,10720509,0,0,5805000000,0.77112,0
Greece,GRC,6,1999,142588875294,10761698,0,0,7383000000,,0
Greece,GRC,6,2000,130457756628,10805808,0,0,6605000000,0.808734,0
Greece,GRC,6,2001,136309295225,10862132,0,0,7304000000,,0
Greece,GRC,6,2002,154564203587,10902022,0,0,8062000000,0.875026,0
Greece,GRC,6,2003,202370140236,10928070,0,0,10417000000,0.479343,0
Greece,GRC,6,2004,240963562236,10955141,1,0,10189000000,0.489637,1
Greece,GRC,6,2005,247875422204,10987314,0,0,7821000000,0.506985,1
Greece,GRC,6,2006,273546728473,11020362,0,0,8327000000,0.63219,1
Greece,GRC,6,2007,318902829551,11048473,0,0,9471000000,0.524189,1
Greece,GRC,6,2008,355908689477,11077841,0,0,11225000000,0.270059,1
Greece,GRC,6,2009,331308500253,11107017,0,0,9741000000,-0.207736,1
Greece,GRC,6,2010,297124961972,11121341,0,0,6321000000,-0.127207,1
Greece,GRC,6,2011,282995942007,11104899,0,0,4162000000,-0.0986952,1
Greece,GRC,6,2012,242029307133,11045011,0,0,3736000000,-0.217249,1
Greece,GRC,6,2013,238907690051,10965211,0,0,7366000000,-0.171342,1
Greece,GRC,6,2014,235458133125,10892413,0,0,5916000000,-0.140446,1
Greece,GRC,6,2015,195683527003,10820883,0,0,6770000000,-0.230252,1
Greece,GRC,6,2016,193148146587,10775971,0,0,5165000000,-0.121599,1
Greece,GRC,6,2017,199844406014,10754679,0,0,,-0.0735961,1
Greece,GRC,6,2018,212049447242,10732882,0,0,,0.0925857,1
Greece,GRC,6,2019,205257014893,10721582,0,0,,,1
Greece,GRC,6,2020,188925995937,10698599,0,0,,,1
Greece,GRC,6,2021,214873879834,10641221,0,0,,,1
Italy,ITA,7,1974,199564489431,55110868,0,0,967323772,,0
Italy,ITA,7,1975,227695851127,55441001,0,0,1262220661,,0
Italy,ITA,7,1976,224717278437,55718260,0,0,1381005748,,0
Italy,ITA,7,1977,257596313364,55955411,0,0,1632520258,,0
Italy,ITA,7,1978,315058323066,56155143,0,0,384760389.8,,0
Italy,ITA,7,1979,393677161501,56317749,0,0,604254571.9,,0
Italy,ITA,7,1980,477256775944,56433883,0,0,799991736.7,,0
Italy,ITA,7,1981,430702851303,56501675,0,0,,,0
Italy,ITA,7,1982,427272645669,56543548,0,0,,,0
Italy,ITA,7,1983,443042373789,56564074,0,0,,,0
Italy,ITA,7,1984,437887689002,56576718,0,0,,,0
Italy,ITA,7,1985,452217492141,56593071,0,0,,,0
Italy,ITA,7,1986,640386352773,56596155,0,0,4685813445,,0
Italy,ITA,7,1987,805713128174,56601931,0,0,4763798437,,0
Italy,ITA,7,1988,891608957156,56629288,0,0,5594261131,,0
Italy,ITA,7,1989,928661332204,56671781,0,0,5384579630,,0
Italy,ITA,7,1990,1181222653523,56719240,0,0,,,0
Italy,ITA,7,1991,1246220156079,56758521,0,0,,,0
Italy,ITA,7,1992,1320161644933,56797087,0,0,,,0
Italy,ITA,7,1993,1064958075551,56831821,0,0,,,0
Italy,ITA,7,1994,1099216688281,56843400,0,0,,,0
Italy,ITA,7,1995,1174662070605,56844303,0,0,11471596586,,0
Italy,ITA,7,1996,1312426527795,56860281,0,0,11815912640,1.11122,0
Italy,ITA,7,1997,1241879604366,56890372,0,0,11928787519,,0
Italy,ITA,7,1998,1270052525928,56906744,0,0,12625015652,1.19241,0
Italy,ITA,7,1999,1252446659834,56916317,0,0,13810442020,,0
Italy,ITA,7,2000,1146676894210,56942108,0,0,-250620452.4,0.918071,0
Italy,ITA,7,2001,1168023426056,56974100,0,0,13776614053,,0
Italy,ITA,7,2002,1276769338449,57059007,0,0,6121908643,0.83893,0
Italy,ITA,7,2003,1577621707051,57313203,0,0,14424576125,0.432391,0
Italy,ITA,7,2004,1806542968546,57685327,0,0,13911070989,0.2703,0
Italy,ITA,7,2005,1858217147204,57969484,0,0,15827108494,0.490133,0
Italy,ITA,7,2006,1949551719390,58143979,0,0,16120891866,0.531828,0
Italy,ITA,7,2007,2213102482751,58438310,0,0,17785063998,0.447652,0
Italy,ITA,7,2008,2408655348719,58826731,0,0,19652818738,0.549201,0
Italy,ITA,7,2009,2199928804119,59095365,0,0,24348445607,0.348211,0
Italy,ITA,7,2010,2136099955237,59277417,0,0,20949515310,0.473924,0
Italy,ITA,7,2011,2294994296590,59379449,0,0,21553197280,0.501207,0
Italy,ITA,7,2012,2086957656822,59539717,0,0,16445803135,0.508217,0
Italy,ITA,7,2013,2141924094299,60233948,0,0,15556413204,0.495499,0
Italy,ITA,7,2014,2162009615997,60789140,0,0,16358716257,0.458165,0
Italy,ITA,7,2015,1836637711061,60730582,0,0,14911613017,0.37592,0
Italy,ITA,7,2016,1877071687634,60627498,0,0,16558830445,0.369415,0
Italy,ITA,7,2017,1961796197354,60536709,0,0,,0.306728,0
Italy,ITA,7,2018,2091932426267,60421760,0,0,,0.311193,0
Italy,ITA,7,2019,2011302198827,59729081,0,0,,,0
Italy,ITA,7,2020,1896755301518,59438851,0,0,,,0
Italy,ITA,7,2021,2107702842670,59109668,0,0,,,0
Japan,JPN,8,1974,479625998613,110162000,0,0,1325000000000,,0
Japan,JPN,8,1975,521541905673,111573000,0,0,1574000000000,,0
Japan,JPN,8,1976,586161859000,112775000,0,0,1656000000000,,0
Japan,JPN,8,1977,721411786537,113872000,0,0,1991000000000,,0
Japan,JPN,8,1978,1013612173519,114913000,0,0,2429000000000,,0
Japan,JPN,8,1979,1055012119526,115890000,0,0,2530000000000,,0
Japan,JPN,8,1980,1105385973764,116807000,0,0,2600000000000,,0
Japan,JPN,8,1981,1218988935130,117661000,0,0,2580000000000,,0
Japan,JPN,8,1982,1134518001885,118480000,0,0,2585000000000,,0
Japan,JPN,8,1983,1243323592059,119307000,0,0,2625000000000,,0
Japan,JPN,8,1984,1318381627004,120083000,0,0,2560000000000,,0
Japan,JPN,8,1985,1398892744821,120837000,0,0,2552000000000,,0
Japan,JPN,8,1986,2078953333674,121482000,0,0,2833000000000,,0
Japan,JPN,8,1987,2532808573157,122069000,0,0,3461000000000,,0
Japan,JPN,8,1988,3071683013179,122578000,0,0,3352000000000,,0
Japan,JPN,8,1989,3054914166263,123069000,0,0,3137000000000,,0
Japan,JPN,8,1990,3132817652848,123478000,0,0,3475000000000,,0
Japan,JPN,8,1991,3584420077101,123964000,0,0,,,0
Japan,JPN,8,1992,3908809463464,124425000,0,0,,,0
Japan,JPN,8,1993,4454143876947,124829000,0,0,,,0
Japan,JPN,8,1994,4998797547741,125178000,0,0,6958700000000,,0
Japan,JPN,8,1995,5545563663890,125472000,0,0,7621900000000,,0
Japan,JPN,8,1996,4923391533852,125757000,0,0,7305400000000,1.16265,0
Japan,JPN,8,1997,4492448605639,126057000,0,0,6800500000000,,0
Japan,JPN,8,1998,4098362709531,126400000,0,0,7536400000000,1.24766,0
Japan,JPN,8,1999,4635982224064,126631000,0,0,8188600000000,,0
Japan,JPN,8,2000,4968359075957,126843000,0,0,8151500000000,1.19891,0
Japan,JPN,8,2001,4374711694091,127149000,0,0,7574900000000,,0
Japan,JPN,8,2002,4182846045874,127445000,0,0,7600600000000,1.17955,0
Japan,JPN,8,2003,4519561645254,127718000,0,0,7273700000000,1.02757,0
Japan,JPN,8,2004,4893116005657,127761000,0,0,6783600000000,1.02852,0
Japan,JPN,8,2005,4831467035390,127773000,0,0,7061600000000,1.03606,0
Japan,JPN,8,2006,4601663122650,127854000,0,0,6733200000000,1.13863,0
Japan,JPN,8,2007,4579750920355,128001000,0,0,6606500000000,1.01005,0
Japan,JPN,8,2008,5106679115127,128063000,0,0,6787000000000,0.894154,0
Japan,JPN,8,2009,5289493117994,128047000,0,0,7189200000000,0.975736,0
Japan,JPN,8,2010,5759071769013,128070000,0,0,6244100000000,0.879353,0
Japan,JPN,8,2011,6233147172341,127833000,0,0,6177300000000,0.995092,0
Japan,JPN,8,2012,6272362996105,127629000,0,0,6026800000000,0.948443,0
Japan,JPN,8,2013,5212328181166,127445000,0,0,7030600000000,1.01914,0
Japan,JPN,8,2014,4896994405353,127276000,0,0,6451800000000,0.968597,0
Japan,JPN,8,2015,4444930651964,127141000,0,0,6126300000000,1.06513,0
Japan,JPN,8,2016,5003677627544,127076000,0,0,6086200000000,0.982944,0
Japan,JPN,8,2017,4930837369151,126972000,0,0,,1.11193,0
Japan,JPN,8,2018,5037835383111,126811000,0,0,,1.05969,0
Japan,JPN,8,2019,5123318151511,126633000,0,0,,,0
Japan,JPN,8,2020,5040107754084,126261000,0,0,,,0
Japan,JPN,8,2021,4940877780755,125681593,1,0,,,1
"Korea, Rep.",KOR,9,1974,19544094741,34692266,0,0,76000000000,,0
"Korea, Rep.",KOR,9,1975,21784297521,35280725,0,0,129000000000,,0
"Korea, Rep.",KOR,9,1976,29902479339,35848523,0,0,173000000000,,0
"Korea, Rep.",KOR,9,1977,38446487603,36411795,0,0,249000000000,,0
"Korea, Rep.",KOR,9,1978,51972107438,36969185,0,0,336000000000,,0
"Korea, Rep.",KOR,9,1979,66946900826,37534236,0,0,408000000000,,0
"Korea, Rep.",KOR,9,1980,65398646758,38123775,0,0,504000000000,,0
"Korea, Rep.",KOR,9,1981,72933350954,38723248,0,0,583000000000,,0
"Korea, Rep.",KOR,9,1982,78358866335,39326352,0,0,890000000000,,0
"Korea, Rep.",KOR,9,1983,87760360941,39910403,0,0,917000000000,,0
"Korea, Rep.",KOR,9,1984,97510235986,40405956,0,0,1015000000000,,0
"Korea, Rep.",KOR,9,1985,101296177099,40805744,0,0,908000000000,,0
"Korea, Rep.",KOR,9,1986,116836802995,41213674,0,0,1191000000000,,0
"Korea, Rep.",KOR,9,1987,147948259723,41621690,0,0,1393000000000,,0
"Korea, Rep.",KOR,9,1988,199590823957,42031247,1,0,1282000000000,,1
"Korea, Rep.",KOR,9,1989,246927292765,42449038,0,0,1581000000000,,1
"Korea, Rep.",KOR,9,1990,283367525715,42869283,0,0,1654000000000,,1
"Korea, Rep.",KOR,9,1991,330648530715,43295704,0,0,2789000000000,,1
"Korea, Rep.",KOR,9,1992,355525267405,43747962,0,0,2597000000000,,1
"Korea, Rep.",KOR,9,1993,392666101885,44194628,0,0,2745000000000,,1
"Korea, Rep.",KOR,9,1994,463617399963,44641540,0,0,3379000000000,,1
"Korea, Rep.",KOR,9,1995,566583427334,45092991,0,0,4065000000000,,1
"Korea, Rep.",KOR,9,1996,610169556840,45524681,0,0,6261000000000,0.568613,1
"Korea, Rep.",KOR,9,1997,569754543830,45953580,0,0,7028000000000,,1
"Korea, Rep.",KOR,9,1998,383330931042,46286503,0,0,7219512000000,0.514327,1
"Korea, Rep.",KOR,9,1999,497512659612,46616677,0,0,11177815000000,,1
"Korea, Rep.",KOR,9,2000,576178114168,47008111,0,0,7966120000000,0.398062,1
"Korea, Rep.",KOR,9,2001,547658231280,47370164,0,0,8670700000000,,1
"Korea, Rep.",KOR,9,2002,627246081417,47644736,0,0,8026660000000,0.24078,1
"Korea, Rep.",KOR,9,2003,702717332013,47892330,0,0,10246929000000,0.248398,1
"Korea, Rep.",KOR,9,2004,793175007858,48082519,0,0,18468109000000,0.428417,1
"Korea, Rep.",KOR,9,2005,934901071333,48184561,0,0,10051000000000,0.484627,1
"Korea, Rep.",KOR,9,2006,1053216909888,48438292,0,0,9142600000000,0.423494,1
"Korea, Rep.",KOR,9,2007,1172614086540,48683638,0,0,17027180000000,0.566275,1
"Korea, Rep.",KOR,9,2008,1047339010225,49054708,0,0,18369051000000,0.421894,1
"Korea, Rep.",KOR,9,2009,943941876219,49307835,0,0,12613663000000,0.409565,1
"Korea, Rep.",KOR,9,2010,1144066965324,49554112,0,0,13241395000000,0.325896,1
"Korea, Rep.",KOR,9,2011,1253223044719,49936638,0,0,12976004000000,0.412496,1
"Korea, Rep.",KOR,9,2012,1278427634343,50199853,0,0,24645300000000,0.267103,1
"Korea, Rep.",KOR,9,2013,1370795199976,50428893,0,0,25593400000000,0.278579,1
"Korea, Rep.",KOR,9,2014,1484318219634,50746659,0,0,26299433960313,0.108569,1
"Korea, Rep.",KOR,9,2015,1465773245547,51014947,0,0,27729350413464,0.161014,1
"Korea, Rep.",KOR,9,2016,1500111596236,51217803,0,0,26316021922841,0.163469,1
"Korea, Rep.",KOR,9,2017,1623901496836,51361911,0,0,,0.321323,1
"Korea, Rep.",KOR,9,2018,1724845615629,51585058,0,0,,0.544971,1
"Korea, Rep.",KOR,9,2019,1651422932448,51764822,0,0,,,1
"Korea, Rep.",KOR,9,2020,1644312831906,51836239,0,0,,,1
"Korea, Rep.",KOR,9,2021,1810955871381,51744876,0,0,,,1
Mexico,MEX,10,1974,72000000000,56945880,0,0,19000000,,0
Mexico,MEX,10,1975,88000000000,58691882,0,0,24000000,,0
Mexico,MEX,10,1976,89025974026,60452543,0,0,32000000,,0
Mexico,MEX,10,1977,81814159292,62262505,0,0,46000000,,0
Mexico,MEX,10,1978,102500000000,64123997,0,0,72000000,,0
Mexico,MEX,10,1979,134561403509,65972912,0,0,101000000,,0
Mexico,MEX,10,1980,205139086957,67705186,0,0,191000000,,0
Mexico,MEX,10,1981,263959336735,69233769,0,0,272000000,,0
Mexico,MEX,10,1982,184609157801,70656783,0,0,346000000,,0
Mexico,MEX,10,1983,156159198585,72080310,0,0,325000000,,0
Mexico,MEX,10,1984,184261495828,73489654,0,0,585000000,,0
Mexico,MEX,10,1985,195219789801,74872006,0,0,828000000,,0
Mexico,MEX,10,1986,134550096437,76224365,0,0,1376000000,,0
Mexico,MEX,10,1987,147540738282,77553504,0,0,2868000000,,0
Mexico,MEX,10,1988,181611549976,78892015,0,0,4393000000,,0
Mexico,MEX,10,1989,221400669714,80233749,0,0,6181000000,,0
Mexico,MEX,10,1990,261253582806,81720428,0,0,7763000000,,0
Mexico,MEX,10,1991,313142768453,83351595,0,0,11134000000,,0
Mexico,MEX,10,1992,363157598242,84993164,0,0,12325000000,,0
Mexico,MEX,10,1993,500736065605,86648447,0,0,14659000000,,0
Mexico,MEX,10,1994,527813238126,88314424,0,0,17918000000,,0
Mexico,MEX,10,1995,360073909244,89969572,0,0,17014000000,,0
Mexico,MEX,10,1996,410975595310,91586555,0,0,22790000000,-0.923007,0
Mexico,MEX,10,1997,500413483109,93183094,0,0,31607000000,,0
Mexico,MEX,10,1998,526502129378,94767284,0,0,26896000000,-0.420934,0
Mexico,MEX,10,1999,600232874043,96334810,0,0,25260000000,,0
Mexico,MEX,10,2000,707906744575,97873442,0,0,26201000000,-0.198165,0
Mexico,MEX,10,2001,756706300590,99394288,0,0,,,0
Mexico,MEX,10,2002,772106378935,100917081,0,0,,-0.0560149,0
Mexico,MEX,10,2003,729336319677,102429341,0,0,,-0.116509,0
Mexico,MEX,10,2004,782240601985,103945813,0,0,,-0.213861,0
Mexico,MEX,10,2005,877476221382,105442402,0,0,,-0.447938,0
Mexico,MEX,10,2006,975387131716,106886790,0,0,,-0.638033,0
Mexico,MEX,10,2007,1052696282279,108302973,0,0,,-0.728445,0
Mexico,MEX,10,2008,1109989063587,109684489,0,0,62586503327,-0.803766,0
Mexico,MEX,10,2009,900045350649,111049428,0,0,78496773099,-0.685496,0
Mexico,MEX,10,2010,1057801295584,112532401,0,0,87621069277,-0.726463,0
Mexico,MEX,10,2011,1180489601958,114150481,0,0,109098762574,-0.667769,0
Mexico,MEX,10,2012,1201089987015,115755909,0,0,110257419619,-0.662454,0
Mexico,MEX,10,2013,1274443084717,117290686,0,0,96066082145,-0.714224,0
Mexico,MEX,10,2014,1315351183525,118755887,0,0,128631237964,-0.853919,0
Mexico,MEX,10,2015,1171867608198,120149897,0,0,120106533985,-0.798699,0
Mexico,MEX,10,2016,1078490651625,121519221,0,0,102289431233,-0.629069,0
Mexico,MEX,10,2017,1158913035796,122839258,0,0,,-0.715323,0
Mexico,MEX,10,2018,1222408203104,124013861,0,0,,-0.572437,0
Mexico,MEX,10,2019,1269011767479,125085311,0,0,,,0
Mexico,MEX,10,2020,1090515389749,125998302,0,0,,,0
Mexico,MEX,10,2021,1272839334119,126705138,0,0,,,0
Russian Federation,RUS,11,1974,,133432000,0,1,,,0
Russian Federation,RUS,11,1975,,134200000,0,1,,,0
Russian Federation,RUS,11,1976,,135147000,0,1,,,0
Russian Federation,RUS,11,1977,,136100000,0,1,,,0
Russian Federation,RUS,11,1978,,137060000,0,1,,,0
Russian Federation,RUS,11,1979,,138027000,0,1,,,0
Russian Federation,RUS,11,1980,,139010000,1,1,,,1
Russian Federation,RUS,11,1981,,139941000,0,1,,,1
Russian Federation,RUS,11,1982,,140823000,0,1,,,1
Russian Federation,RUS,11,1983,,141668000,0,1,,,1
Russian Federation,RUS,11,1984,,142745000,0,1,,,1
Russian Federation,RUS,11,1985,,143858000,0,1,,,1
Russian Federation,RUS,11,1986,,144894000,0,1,,,1
Russian Federation,RUS,11,1987,,145908000,0,1,,,1
Russian Federation,RUS,11,1988,554713455150,146857000,0,1,,,1
Russian Federation,RUS,11,1989,506500173960,147721000,0,1,,,1
Russian Federation,RUS,11,1990,516814274022,147969407,0,1,,,1
Russian Federation,RUS,11,1991,517962962963,148394216,0,1,,,1
Russian Federation,RUS,11,1992,460290556901,148538197,0,1,,,1
Russian Federation,RUS,11,1993,435083713851,148458777,0,1,,,1
Russian Federation,RUS,11,1994,395077301248,148407912,0,1,5244000000,,1
Russian Federation,RUS,11,1995,395537185735,148375787,0,1,5244000000,,1
Russian Federation,RUS,11,1996,391724890744,148160129,0,1,,-1.17444,1
Russian Federation,RUS,11,1997,404928954192,147915361,0,1,,,1
Russian Federation,RUS,11,1998,270955486862,147670784,0,1,17506000000,-1.08584,1
Russian Federation,RUS,11,1999,195907128351,147214776,0,1,41369000000,,1
Russian Federation,RUS,11,2000,259710142197,146596869,0,1,77808000000,-1.39677,1
Russian Federation,RUS,11,2001,306602070621,145976482,0,1,159060000000,,1
Russian Federation,RUS,11,2002,345470494418,145306497,0,1,235337000000,-0.721183,1
Russian Federation,RUS,11,2003,430347770732,144648618,0,1,308892792800,-1.19156,1
Russian Federation,RUS,11,2004,591016690743,144067316,0,1,35093262540,-1.51335,1
Russian Federation,RUS,11,2005,764017107992,143518814,0,1,263326000000,-1.26855,1
Russian Federation,RUS,11,2006,989930542279,143049637,0,1,495800000000,-0.907793,1
Russian Federation,RUS,11,2007,1299705764824,142805114,0,1,1313900000000,-0.861342,1
Russian Federation,RUS,11,2008,1660846387625,142742366,0,1,3354100000000,-0.749369,1
Russian Federation,RUS,11,2009,1222644282202,142785349,0,1,650000000000,-0.968457,1
Russian Federation,RUS,11,2010,1524917468442,142849468,0,1,1432300000000,-0.929459,1
Russian Federation,RUS,11,2011,2045925608274,142960908,0,1,3131600000000,-0.998262,1
Russian Federation,RUS,11,2012,2208295773643,143201721,0,1,2028900000000,-0.817713,1
Russian Federation,RUS,11,2013,2292473246621,143506995,0,1,1768300000000,-0.736094,1
Russian Federation,RUS,11,2014,2059241965491,143819667,0,1,2083763229129,-0.943617,1
Russian Federation,RUS,11,2015,1363481063447,144096870,0,1,2874916165089,-1.02934,1
Russian Federation,RUS,11,2016,1276786979222,144342397,0,1,2173533000000,-0.94621,1
Russian Federation,RUS,11,2017,1574199387071,144496739,0,1,,-0.64055,1
Russian Federation,RUS,11,2018,1657329646184,144477859,0,1,,-0.503721,1
Russian Federation,RUS,11,2019,1693113904263,144406261,0,1,,,1
Russian Federation,RUS,11,2020,1489362488440,144073139,0,1,,,1
Russian Federation,RUS,11,2021,1778782625794,143449286,0,1,,,1
Spain,ESP,12,1974,97274006346,35373335,0,0,530092676.1,,0
Spain,ESP,12,1975,114777046377,35757900,0,0,670729508.5,,0
Spain,ESP,12,1976,118507184780,36137812,0,0,679143678,,0
Spain,ESP,12,1977,132449277108,36511638,0,0,1015109444,,0
Spain,ESP,12,1978,160599687500,36864898,0,0,1018715517,,0
Spain,ESP,12,1979,214601955875,37191330,0,0,1024124626,,0
Spain,ESP,12,1980,232766822929,37491165,0,0,1191807003,,0
Spain,ESP,12,1981,202807891512,37758631,0,0,1563833496,,0
Spain,ESP,12,1982,195996754506,37986012,0,0,1950284279,,0
Spain,ESP,12,1983,170951185615,38171525,0,0,2199704302,,0
Spain,ESP,12,1984,172102910371,38330364,0,0,1546404145,,0
Spain,ESP,12,1985,180793463796,38469512,0,0,2193093169,,0
Spain,ESP,12,1986,251321075205,38584624,0,0,2326517856,,0
Spain,ESP,12,1987,318747935588,38684815,0,0,2883055065,,0
Spain,ESP,12,1988,376160409941,38766939,0,0,3105429543,,0
Spain,ESP,12,1989,414757056922,38827764,0,0,4334499297,,0
Spain,ESP,12,1990,536558591250,38867322,0,0,5355017850,,0
Spain,ESP,12,1991,577166174540,38966376,0,0,6005913959,,0
Spain,ESP,12,1992,630916018203,39157685,1,0,4747394613,,1
Spain,ESP,12,1993,525075636031,39361262,0,0,5114011996,,1
Spain,ESP,12,1994,530562634455,39549108,0,0,4434267306,,1
Spain,ESP,12,1995,614609020550,39724050,0,0,8445000000,,1
Spain,ESP,12,1996,642588992513,39889852,0,0,6155000000,0.177705,1
Spain,ESP,12,1997,590077272727,40057389,0,0,6926000000,,1
Spain,ESP,12,1998,619214834614,40223509,0,0,6217000000,0.133022,1
Spain,ESP,12,1999,634907542858,40386875,0,0,6882000000,,1
Spain,ESP,12,2000,598363313495,40567864,0,0,7498000000,0.462261,1
Spain,ESP,12,2001,627830029412,40850412,0,0,7894000000,,1
Spain,ESP,12,2002,708756677089,41431558,0,0,8702000000,0.443884,1
Spain,ESP,12,2003,907491523174,42187645,0,0,9425000000,-0.0449701,1
Spain,ESP,12,2004,1069055675274,42921895,0,0,11965000000,-0.0880503,1
Spain,ESP,12,2005,1153715822718,43653155,0,0,12256000000,0.195214,1
Spain,ESP,12,2006,1260398977832,44397319,0,0,13251000000,-0.150258,1
Spain,ESP,12,2007,1474002579820,45226803,0,0,15074000000,-0.275348,1
Spain,ESP,12,2008,1631863493552,45954106,0,0,16691000000,-0.380849,1
Spain,ESP,12,2009,1491472923707,46362946,0,0,16291000000,-0.473777,1
Spain,ESP,12,2010,1422108199783,46576897,0,0,15306000000,-0.318044,1
Spain,ESP,12,2011,1480710495710,46742697,0,0,13136000000,0.0211045,1
Spain,ESP,12,2012,1324750738725,46773055,0,0,9446000000,-0.0295164,1
Spain,ESP,12,2013,1355579535913,46620045,0,0,7721000000,0.0120178,1
Spain,ESP,12,2014,1371820537889,46480882,0,0,6880000000,0.243122,1
Spain,ESP,12,2015,1196156971280,46444832,0,0,8152000000,0.251491,1
Spain,ESP,12,2016,1233554967012,46484062,0,0,6966000000,0.413188,1
Spain,ESP,12,2017,1313245330198,46593236,0,0,,0.282796,1
Spain,ESP,12,2018,1421702715218,46797754,0,0,,0.254802,1
Spain,ESP,12,2019,1394320055129,47134837,0,0,,,1
Spain,ESP,12,2020,1276962685648,47365655,0,0,,,1
Spain,ESP,12,2021,1427380681295,47415750,0,0,,,1
United Kingdom,GBR,13,1974,206131369799,56229974,0,0,970000000,,0
United Kingdom,GBR,13,1975,241756637168,56225800,0,0,1239000000,,0
United Kingdom,GBR,13,1976,232614555256,56211968,0,0,1405000000,,0
United Kingdom,GBR,13,1977,263066457352,56193492,0,0,1344000000,,0
United Kingdom,GBR,13,1978,335883029722,56196504,0,0,1321000000,,0
United Kingdom,GBR,13,1979,438994070309,56246951,0,0,1528000000,,0
United Kingdom,GBR,13,1980,564947710899,56314216,0,0,1804000000,,0
United Kingdom,GBR,13,1981,540765675241,56333829,0,0,1801000000,,0
United Kingdom,GBR,13,1982,515048916841,56313641,0,0,2312000000,,0
United Kingdom,GBR,13,1983,489618008186,56332848,0,0,2841000000,,0
United Kingdom,GBR,13,1984,461487097632,56422072,0,0,2613000000,,0
United Kingdom,GBR,13,1985,489285164271,56550268,0,0,3716000000,,0
United Kingdom,GBR,13,1986,601452653181,56681396,0,0,3403000000,,0
United Kingdom,GBR,13,1987,745162608269,56802050,0,0,3992000000,,0
United Kingdom,GBR,13,1988,910122732124,56928327,0,0,4297000000,,0
United Kingdom,GBR,13,1989,926884816754,57076711,0,0,5709000000,,0
United Kingdom,GBR,13,1990,1093169389205,57247586,0,0,7515000000,,0
United Kingdom,GBR,13,1991,1142797178131,57424897,0,0,8281000000,,0
United Kingdom,GBR,13,1992,1179659529660,57580402,0,0,8055000000,,0
United Kingdom,GBR,13,1993,1061388722256,57718614,0,0,7595000000,,0
United Kingdom,GBR,13,1994,1140489745944,57865745,0,0,7189000000,,0
United Kingdom,GBR,13,1995,1346184314344,58019030,0,0,13185000000,,0
United Kingdom,GBR,13,1996,1421619344774,58166950,0,0,11598000000,0.981751,0
United Kingdom,GBR,13,1997,1561807465619,58316954,0,0,11057000000,,0
United Kingdom,GBR,13,1998,1655061278569,58487141,0,0,11850000000,0.930346,0
United Kingdom,GBR,13,1999,1689289758939,58682466,0,0,12134000000,,0
United Kingdom,GBR,13,2000,1666126494175,58892514,0,0,6780000000,1.03529,0
United Kingdom,GBR,13,2001,1648658413704,59119673,0,0,12321000000,,0
United Kingdom,GBR,13,2002,1785843824940,59370479,0,0,12641000000,0.679082,0
United Kingdom,GBR,13,2003,2056612244898,59647577,0,0,14017000000,0.272854,0
United Kingdom,GBR,13,2004,2422958623215,59987905,0,0,19344000000,0.142572,0
United Kingdom,GBR,13,2005,2544805454545,60401206,0,0,28981000000,0.126741,0
United Kingdom,GBR,13,2006,2709911683533,60846820,0,0,23017000000,0.66918,0
United Kingdom,GBR,13,2007,3092821128451,61322463,0,0,22697000000,0.575391,0
United Kingdom,GBR,13,2008,2931501838235,61806995,0,0,29535000000,0.494694,0
United Kingdom,GBR,13,2009,2417638261411,62276270,0,0,31415000000,0.121583,0
United Kingdom,GBR,13,2010,2491397494468,62766365,0,0,31287000000,0.411818,0
United Kingdom,GBR,13,2011,2666403005061,63258810,0,0,28902000000,0.351708,0
United Kingdom,GBR,13,2012,2706340967031,63700215,1,0,27947000000,0.402271,1
United Kingdom,GBR,13,2013,2786315215250,64128273,0,0,28461000000,0.486201,1
United Kingdom,GBR,13,2014,3065223279584,64602298,0,0,32415000000,0.415348,1
United Kingdom,GBR,13,2015,2934857946213,65116219,0,0,31985000000,0.517748,1
United Kingdom,GBR,13,2016,2699659680997,65611593,0,0,31753000000,0.360454,1
United Kingdom,GBR,13,2017,2683399006716,66058859,0,0,,0.331547,1
United Kingdom,GBR,13,2018,2878152147316,66460344,0,0,,0.0487175,1
United Kingdom,GBR,13,2019,2857057847953,66836327,0,0,,,1
United Kingdom,GBR,13,2020,2704609160088,67081000,0,0,,,1
United Kingdom,GBR,13,2021,3131377762926,67326569,0,0,,,1
United States,USA,14,1974,1545243000000,213854000,0,0,2850000000,,0
United States,USA,14,1975,1684904000000,215973000,0,0,3990000000,,0
United States,USA,14,1976,1873412000000,218035000,0,0,5170000000,,0
United States,USA,14,1977,2081826000000,220239000,0,0,5970000000,,0
United States,USA,14,1978,2351599000000,222585000,0,0,7860000000,,0
United States,USA,14,1979,2627333000000,225055000,0,0,9000000000,,0
United States,USA,14,1980,2857307000000,227225000,0,0,9430000000,,0
United States,USA,14,1981,3207041000000,229466000,0,0,13910000000,,0
United States,USA,14,1982,3343789000000,231664000,0,0,13460000000,,0
United States,USA,14,1983,3634038000000,233792000,0,0,13820000000,,0
United States,USA,14,1984,4037613000000,235825000,1,0,14820000000,,1
United States,USA,14,1985,4338979000000,237924000,0,0,14900000000,,1
United States,USA,14,1986,4579631000000,240133000,0,0,14320000000,,1
United States,USA,14,1987,4855215000000,242289000,0,0,16190000000,,1
United States,USA,14,1988,5236438000000,244499000,0,0,17450000000,,1
United States,USA,14,1989,5641580000000,246819000,0,0,17440000000,,1
United States,USA,14,1990,5963144000000,249623000,0,0,18690000000,,1
United States,USA,14,1991,6158129000000,252981000,0,0,19580000000,,1
United States,USA,14,1992,6520327000000,256514000,0,0,21440000000,,1
United States,USA,14,1993,6858559000000,259919000,0,0,22310000000,,1
United States,USA,14,1994,7287236000000,263126000,0,0,23090000000,,1
United States,USA,14,1995,7639749000000,266278000,0,0,17280000000,,1
United States,USA,14,1996,8073122000000,269394000,1,0,26450000000,0.935775,1
United States,USA,14,1997,8577554457000,272657000,0,0,22070000000,,1
United States,USA,14,1998,9062818202000,275854000,0,0,27800000000,0.879811,1
United States,USA,14,1999,9631174489000,279040000,0,0,37650000000,,1
United States,USA,14,2000,10250947997000,282162411,0,0,42650000000,1.08451,1
United States,USA,14,2001,10581929774000,284968955,0,0,157022000000,,1
United States,USA,14,2002,10929112955000,287625193,0,0,174940000000,0.287509,1
United States,USA,14,2003,11456442041000,290107933,0,0,189971000000,0.0812887,1
United States,USA,14,2004,12217193198000,292805298,0,0,203889000000,-0.231348,1
United States,USA,14,2005,13039199193000,295516599,0,0,213592000000,-0.0586535,1
United States,USA,14,2006,13815586948000,298379912,0,0,216471000000,0.493943,1
United States,USA,14,2007,14474226905000,301231207,0,0,240953000000,0.37573,1
United States,USA,14,2008,14769857911000,304093966,0,0,247737000000,0.585224,1
United States,USA,14,2009,14478064934000,306771529,0,0,268288000000,0.44843,1
United States,USA,14,2010,15048964444000,309327143,0,0,290479000000,0.438404,1
United States,USA,14,2011,15599728123000,311583481,0,0,284627000000,0.591247,1
United States,USA,14,2012,16253972230000,313877662,0,0,273585000000,0.632442,1
United States,USA,14,2013,16843190993000,316059947,0,0,256856000000,0.643073,1
United States,USA,14,2014,17550680174000,318386329,0,0,251056000000,0.58242,1
United States,USA,14,2015,18206020741000,320738994,0,0,223701000000,0.678062,1
United States,USA,14,2016,18695110842000,323071755,0,0,248569000000,0.402303,1
United States,USA,14,2017,19477336549000,325122128,0,0,,0.335553,1
United States,USA,14,2018,20533057312000,326838199,0,0,,0.477461,1
United States,USA,14,2019,21380976119000,328329953,0,0,,,1
United States,USA,14,2020,21060473613000,331501080,0,0,,,1
United States,USA,14,2021,23315080560000,331893745,0,0,,,1